"id_cotizacion","fecha","valor","moneda","tipo_cotizacion","","","","",""
"1","2026/09/25","1000.50","1","1","","","","",""
"2","2026/09/25","1250.00","1","2","","","","",""
"3","2026/09/26","1001.00","1","1","","","","",""
"4","2026/09/26","1260.00","1","2","","","","",""
"5","2026/09/27","1002.50","1","1","","","","",""
"6","2026/09/27","1240.00","1","2","","","","",""
"7","2026/09/28","1003.00","1","1","","","","",""
"8","2026/09/28","1235.00","1","2","","","","",""
"9","2026/09/29","1003.50","1","1","","","","",""
"10","2026/09/29","1245.00","1","2","","","","",""