"id_genero","nombre","","","","","","","",""
"1","ficcion","","","","","","","",""
"2","romance","","","","","","","",""
"3","aventura","","","","","","","",""
"4","terror","","","","","","","",""
"5","comedia","","","","","","","",""
"6","suspenso","","","","","","","",""
"7","accion","","","","","","","",""
"8","eduvativo","","","","","","","",""
"9","misterio","","","","","","","",""
"10","thriller","","","","","","","",""
"11","Fantasía","","","","","","","",""
"12","Infantil","","","","","","","",""
"13","Juvenil","","","","","","","",""
"14","Cuentos","","","","","","","",""
"15","Ensayo","","","","","","","",""
"16","Psicoanálisis","","","","","","","",""
"17","Fábula","","","","","","","",""