"id_moneda","nombre","simbolo","","","","","","",""
"1","peso argentino","ARS","","","","","","",""
"2","dolar estadounidense","USD","","","","","","",""
"3","real brasilero","BRL","","","","","","",""
"4","ye japones","JPY","","","","","","",""
"5","bolivar venezolano ","VED","","","","","","",""
"6","euro","EUR","","","","","","",""
"7","guarani","PYG","","","","","","",""
"8","sol peruano","PEN","","","","","","",""
"9","libras esterlinas","GBP","","","","","","",""
"10","peso cubano","CUP","","","","","","",""